Model,1st Layer,2nd Layer,3rd Layer,4th Layer,Accuracy,Loss
model_1558,c_4,c_5,c_6,c_5,0.7202,0.839460663986206
model_1559,c_7,m_2,c_6,c_4,0.7163,0.8201699578285218
model_1560,c_6,c_8,c_1,c_7,0.7109,0.8416053779602051
model_1561,c_3,c_3,c_1,c_1,0.6979,0.8897725830078125
model_1562,c_2,c_8,m_3,c_4,0.7349,0.7659013645172119
model_1563,c_12,c_3,c_6,c_6,0.7553,0.7685099776268005
model_1564,c_12,c_11,m_3,c_4,0.7594,0.7079290043830871
model_1565,c_2,c_8,c_12,c_5,0.7401,0.795036879825592
